{
  "/api-14" : {
    "transaction" : "/api-14",
    "sampleCount" : 10,
    "errorCount" : 10,
    "errorPct" : 100.0,
    "meanResTime" : 35.4,
    "medianResTime" : 35.0,
    "minResTime" : 35.0,
    "maxResTime" : 36.0,
    "pct1ResTime" : 36.0,
    "pct2ResTime" : 36.0,
    "pct3ResTime" : 36.0,
    "throughput" : 16.55629139072848,
    "receivedKBytesPerSec" : 5.238514072847682,
    "sentKBytesPerSec" : 12.805256622516557
  },
  "/api-13" : {
    "transaction" : "/api-13",
    "sampleCount" : 10,
    "errorCount" : 10,
    "errorPct" : 100.0,
    "meanResTime" : 35.0,
    "medianResTime" : 35.0,
    "minResTime" : 35.0,
    "maxResTime" : 35.0,
    "pct1ResTime" : 35.0,
    "pct2ResTime" : 35.0,
    "pct3ResTime" : 35.0,
    "throughput" : 16.58374792703151,
    "receivedKBytesPerSec" : 5.456117848258707,
    "sentKBytesPerSec" : 16.940039386401327
  },
  "/api-16" : {
    "transaction" : "/api-16",
    "sampleCount" : 10,
    "errorCount" : 10,
    "errorPct" : 100.0,
    "meanResTime" : 35.0,
    "medianResTime" : 35.0,
    "minResTime" : 34.0,
    "maxResTime" : 36.0,
    "pct1ResTime" : 36.0,
    "pct2ResTime" : 36.0,
    "pct3ResTime" : 36.0,
    "throughput" : 16.528925619834713,
    "receivedKBytesPerSec" : 5.438081095041323,
    "sentKBytesPerSec" : 8.425878099173554
  },
  "/api-15" : {
    "transaction" : "/api-15",
    "sampleCount" : 10,
    "errorCount" : 10,
    "errorPct" : 100.0,
    "meanResTime" : 35.300000000000004,
    "medianResTime" : 35.0,
    "minResTime" : 34.0,
    "maxResTime" : 40.0,
    "pct1ResTime" : 39.5,
    "pct2ResTime" : 40.0,
    "pct3ResTime" : 40.0,
    "throughput" : 16.55629139072848,
    "receivedKBytesPerSec" : 5.238514072847682,
    "sentKBytesPerSec" : 23.10443398178808
  },
  "/api-10" : {
    "transaction" : "/api-10",
    "sampleCount" : 10,
    "errorCount" : 10,
    "errorPct" : 100.0,
    "meanResTime" : 35.300000000000004,
    "medianResTime" : 35.0,
    "minResTime" : 35.0,
    "maxResTime" : 36.0,
    "pct1ResTime" : 36.0,
    "pct2ResTime" : 36.0,
    "pct3ResTime" : 36.0,
    "throughput" : 16.55629139072848,
    "receivedKBytesPerSec" : 5.238514072847682,
    "sentKBytesPerSec" : 17.20302152317881
  },
  "/generate_204-1" : {
    "transaction" : "/generate_204-1",
    "sampleCount" : 10,
    "errorCount" : 0,
    "errorPct" : 0.0,
    "meanResTime" : 83.0,
    "medianResTime" : 80.0,
    "minResTime" : 74.0,
    "maxResTime" : 109.0,
    "pct1ResTime" : 107.10000000000001,
    "pct2ResTime" : 109.0,
    "pct3ResTime" : 109.0,
    "throughput" : 11.148272017837236,
    "receivedKBytesPerSec" : 1.3826470178372352,
    "sentKBytesPerSec" : 3.603591833890747
  },
  "/api-12" : {
    "transaction" : "/api-12",
    "sampleCount" : 10,
    "errorCount" : 10,
    "errorPct" : 100.0,
    "meanResTime" : 34.9,
    "medianResTime" : 35.0,
    "minResTime" : 34.0,
    "maxResTime" : 36.0,
    "pct1ResTime" : 35.9,
    "pct2ResTime" : 36.0,
    "pct3ResTime" : 36.0,
    "throughput" : 16.58374792703151,
    "receivedKBytesPerSec" : 5.456117848258707,
    "sentKBytesPerSec" : 7.4011453150912105
  },
  "/api-9" : {
    "transaction" : "/api-9",
    "sampleCount" : 10,
    "errorCount" : 10,
    "errorPct" : 100.0,
    "meanResTime" : 35.0,
    "medianResTime" : 35.0,
    "minResTime" : 35.0,
    "maxResTime" : 35.0,
    "pct1ResTime" : 35.0,
    "pct2ResTime" : 35.0,
    "pct3ResTime" : 35.0,
    "throughput" : 16.55629139072848,
    "receivedKBytesPerSec" : 5.308037562086093,
    "sentKBytesPerSec" : 16.847319950331126
  },
  "/api-8" : {
    "transaction" : "/api-8",
    "sampleCount" : 10,
    "errorCount" : 10,
    "errorPct" : 100.0,
    "meanResTime" : 34.9,
    "medianResTime" : 35.0,
    "minResTime" : 34.0,
    "maxResTime" : 35.0,
    "pct1ResTime" : 35.0,
    "pct2ResTime" : 35.0,
    "pct3ResTime" : 35.0,
    "throughput" : 16.528925619834713,
    "receivedKBytesPerSec" : 5.438081095041323,
    "sentKBytesPerSec" : 7.9577737603305785
  },
  "/bitrix/js/main/popup/dist/main.popup.bundle.js-25" : {
    "transaction" : "/bitrix/js/main/popup/dist/main.popup.bundle.js-25",
    "sampleCount" : 10,
    "errorCount" : 0,
    "errorPct" : 0.0,
    "meanResTime" : 43.300000000000004,
    "medianResTime" : 44.0,
    "minResTime" : 40.0,
    "maxResTime" : 47.0,
    "pct1ResTime" : 46.8,
    "pct2ResTime" : 47.0,
    "pct3ResTime" : 47.0,
    "throughput" : 21.41327623126338,
    "receivedKBytesPerSec" : 536.6911469486081,
    "sentKBytesPerSec" : 12.588664346895074
  },
  "/api-6" : {
    "transaction" : "/api-6",
    "sampleCount" : 10,
    "errorCount" : 10,
    "errorPct" : 100.0,
    "meanResTime" : 34.9,
    "medianResTime" : 35.0,
    "minResTime" : 34.0,
    "maxResTime" : 35.0,
    "pct1ResTime" : 35.0,
    "pct2ResTime" : 35.0,
    "pct3ResTime" : 35.0,
    "throughput" : 16.528925619834713,
    "receivedKBytesPerSec" : 5.438081095041323,
    "sentKBytesPerSec" : 6.731017561983471
  },
  "/api-5" : {
    "transaction" : "/api-5",
    "sampleCount" : 10,
    "errorCount" : 10,
    "errorPct" : 100.0,
    "meanResTime" : 35.1,
    "medianResTime" : 35.0,
    "minResTime" : 34.0,
    "maxResTime" : 36.0,
    "pct1ResTime" : 36.0,
    "pct2ResTime" : 36.0,
    "pct3ResTime" : 36.0,
    "throughput" : 16.528925619834713,
    "receivedKBytesPerSec" : 5.438081095041323,
    "sentKBytesPerSec" : 11.024664256198347
  },
  "/api-18" : {
    "transaction" : "/api-18",
    "sampleCount" : 10,
    "errorCount" : 10,
    "errorPct" : 100.0,
    "meanResTime" : 35.1,
    "medianResTime" : 35.0,
    "minResTime" : 35.0,
    "maxResTime" : 36.0,
    "pct1ResTime" : 35.9,
    "pct2ResTime" : 36.0,
    "pct3ResTime" : 36.0,
    "throughput" : 16.528925619834713,
    "receivedKBytesPerSec" : 5.368672520661157,
    "sentKBytesPerSec" : 11.412060950413224
  },
  "/api-4" : {
    "transaction" : "/api-4",
    "sampleCount" : 10,
    "errorCount" : 10,
    "errorPct" : 100.0,
    "meanResTime" : 70.10000000000001,
    "medianResTime" : 70.0,
    "minResTime" : 69.0,
    "maxResTime" : 72.0,
    "pct1ResTime" : 71.8,
    "pct2ResTime" : 72.0,
    "pct3ResTime" : 72.0,
    "throughput" : 15.552099533437016,
    "receivedKBytesPerSec" : 4.920781493001555,
    "sentKBytesPerSec" : 14.413029743390357
  },
  "/api-17" : {
    "transaction" : "/api-17",
    "sampleCount" : 10,
    "errorCount" : 10,
    "errorPct" : 100.0,
    "meanResTime" : 35.0,
    "medianResTime" : 35.0,
    "minResTime" : 34.0,
    "maxResTime" : 36.0,
    "pct1ResTime" : 35.9,
    "pct2ResTime" : 36.0,
    "pct3ResTime" : 36.0,
    "throughput" : 16.55629139072848,
    "receivedKBytesPerSec" : 5.447084540562914,
    "sentKBytesPerSec" : 11.786656663907285
  },
  "/api-19" : {
    "transaction" : "/api-19",
    "sampleCount" : 10,
    "errorCount" : 10,
    "errorPct" : 100.0,
    "meanResTime" : 35.3,
    "medianResTime" : 35.0,
    "minResTime" : 35.0,
    "maxResTime" : 36.0,
    "pct1ResTime" : 36.0,
    "pct2ResTime" : 36.0,
    "pct3ResTime" : 36.0,
    "throughput" : 16.528925619834713,
    "receivedKBytesPerSec" : 5.229855371900826,
    "sentKBytesPerSec" : 11.81559917355372
  },
  "/-3" : {
    "transaction" : "/-3",
    "sampleCount" : 10,
    "errorCount" : 0,
    "errorPct" : 0.0,
    "meanResTime" : 421.4,
    "medianResTime" : 374.5,
    "minResTime" : 348.0,
    "maxResTime" : 578.0,
    "pct1ResTime" : 577.7,
    "pct2ResTime" : 578.0,
    "pct3ResTime" : 578.0,
    "throughput" : 8.710801393728223,
    "receivedKBytesPerSec" : 1489.8013869229096,
    "sentKBytesPerSec" : 6.311928353658537
  },
  "/api-27" : {
    "transaction" : "/api-27",
    "sampleCount" : 10,
    "errorCount" : 10,
    "errorPct" : 100.0,
    "meanResTime" : 35.1,
    "medianResTime" : 35.0,
    "minResTime" : 35.0,
    "maxResTime" : 36.0,
    "pct1ResTime" : 35.9,
    "pct2ResTime" : 36.0,
    "pct3ResTime" : 36.0,
    "throughput" : 23.148148148148145,
    "receivedKBytesPerSec" : 7.32421875,
    "sentKBytesPerSec" : 10.217737268518519
  },