{
  "/api-14" : {
    "transaction" : "/api-14",
    "sampleCount" : 100,
    "errorCount" : 100,
    "errorPct" : 100.0,
    "meanResTime" : 35.02,
    "medianResTime" : 35.0,
    "minResTime" : 34.0,
    "maxResTime" : 42.0,
    "pct1ResTime" : 35.900000000000006,
    "pct2ResTime" : 36.0,
    "pct3ResTime" : 41.93999999999997,
    "throughput" : 4.676174888940846,
    "receivedKBytesPerSec" : 1.4795709609539396,
    "sentKBytesPerSec" : 3.6167290156651855
  },
  "/api-13" : {
    "transaction" : "/api-13",
    "sampleCount" : 100,
    "errorCount" : 100,
    "errorPct" : 100.0,
    "meanResTime" : 34.780000000000015,
    "medianResTime" : 35.0,
    "minResTime" : 34.0,
    "maxResTime" : 38.0,
    "pct1ResTime" : 35.0,
    "pct2ResTime" : 35.0,
    "pct3ResTime" : 37.97999999999999,
    "throughput" : 4.676174888940846,
    "receivedKBytesPerSec" : 1.548297945405658,
    "sentKBytesPerSec" : 4.776639583820435
  },
  "/api-16" : {
    "transaction" : "/api-16",
    "sampleCount" : 100,
    "errorCount" : 100,
    "errorPct" : 100.0,
    "meanResTime" : 34.84999999999999,
    "medianResTime" : 35.0,
    "minResTime" : 34.0,
    "maxResTime" : 41.0,
    "pct1ResTime" : 35.0,
    "pct2ResTime" : 36.0,
    "pct3ResTime" : 40.95999999999998,
    "throughput" : 4.676174888940846,
    "receivedKBytesPerSec" : 1.542407061024082,
    "sentKBytesPerSec" : 2.383753214870236
  },
  "/api-15" : {
    "transaction" : "/api-15",
    "sampleCount" : 100,
    "errorCount" : 100,
    "errorPct" : 100.0,
    "meanResTime" : 34.94999999999999,
    "medianResTime" : 35.0,
    "minResTime" : 34.0,
    "maxResTime" : 39.0,
    "pct1ResTime" : 35.0,
    "pct2ResTime" : 36.0,
    "pct3ResTime" : 38.969999999999985,
    "throughput" : 4.676174888940846,
    "receivedKBytesPerSec" : 1.4795709609539396,
    "sentKBytesPerSec" : 6.52563859013327
  },
  "/api-10" : {
    "transaction" : "/api-10",
    "sampleCount" : 100,
    "errorCount" : 100,
    "errorPct" : 100.0,
    "meanResTime" : 35.030000000000015,
    "medianResTime" : 35.0,
    "minResTime" : 34.0,
    "maxResTime" : 39.0,
    "pct1ResTime" : 36.0,
    "pct2ResTime" : 36.94999999999999,
    "pct3ResTime" : 38.97999999999999,
    "throughput" : 4.675737597606022,
    "receivedKBytesPerSec" : 1.4794325992425306,
    "sentKBytesPerSec" : 4.858383597512508
  },
  "/generate_204-1" : {
    "transaction" : "/generate_204-1",
    "sampleCount" : 100,
    "errorCount" : 0,
    "errorPct" : 0.0,
    "meanResTime" : 81.54000000000002,
    "medianResTime" : 75.0,
    "minResTime" : 68.0,
    "maxResTime" : 124.0,
    "pct1ResTime" : 104.60000000000002,
    "pct2ResTime" : 108.0,
    "pct3ResTime" : 123.92999999999996,
    "throughput" : 101.41987829614604,
    "receivedKBytesPerSec" : 12.578441937119676,
    "sentKBytesPerSec" : 32.78318331643002
  },
  "/api-12" : {
    "transaction" : "/api-12",
    "sampleCount" : 100,
    "errorCount" : 100,
    "errorPct" : 100.0,
    "meanResTime" : 34.730000000000004,
    "medianResTime" : 35.0,
    "minResTime" : 34.0,
    "maxResTime" : 38.0,
    "pct1ResTime" : 35.0,
    "pct2ResTime" : 35.94999999999999,
    "pct3ResTime" : 37.989999999999995,
    "throughput" : 4.676174888940846,
    "receivedKBytesPerSec" : 1.544370689151274,
    "sentKBytesPerSec" : 2.086925707271452
  },
  "/api-9" : {
    "transaction" : "/api-9",
    "sampleCount" : 100,
    "errorCount" : 100,
    "errorPct" : 100.0,
    "meanResTime" : 34.699999999999996,
    "medianResTime" : 35.0,
    "minResTime" : 34.0,
    "maxResTime" : 38.0,
    "pct1ResTime" : 35.0,
    "pct2ResTime" : 35.0,
    "pct3ResTime" : 37.97999999999999,
    "throughput" : 4.675956233049659,
    "receivedKBytesPerSec" : 1.5521526202889742,
    "sentKBytesPerSec" : 4.758150776208735
  },
  "/api-8" : {
    "transaction" : "/api-8",
    "sampleCount" : 100,
    "errorCount" : 100,
    "errorPct" : 100.0,
    "meanResTime" : 34.779999999999994,
    "medianResTime" : 35.0,
    "minResTime" : 34.0,
    "maxResTime" : 38.0,
    "pct1ResTime" : 35.0,
    "pct2ResTime" : 36.0,
    "pct3ResTime" : 37.989999999999995,
    "throughput" : 4.675956233049659,
    "receivedKBytesPerSec" : 1.5462620113625738,
    "sentKBytesPerSec" : 2.251217209856916
  },
  "/bitrix/js/main/popup/dist/main.popup.bundle.js-25" : {
    "transaction" : "/bitrix/js/main/popup/dist/main.popup.bundle.js-25",
    "sampleCount" : 100,
    "errorCount" : 0,
    "errorPct" : 0.0,
    "meanResTime" : 77.38000000000001,
    "medianResTime" : 79.0,
    "minResTime" : 40.0,
    "maxResTime" : 174.0,
    "pct1ResTime" : 87.0,
    "pct2ResTime" : 87.94999999999999,
    "pct3ResTime" : 173.62999999999982,
    "throughput" : 4.715424152402508,
    "receivedKBytesPerSec" : 118.1849227259867,
    "sentKBytesPerSec" : 2.772153652096006
  },
  "/api-6" : {
    "transaction" : "/api-6",
    "sampleCount" : 100,
    "errorCount" : 100,
    "errorPct" : 100.0,
    "meanResTime" : 34.74000000000003,
    "medianResTime" : 35.0,
    "minResTime" : 34.0,
    "maxResTime" : 37.0,
    "pct1ResTime" : 35.0,
    "pct2ResTime" : 35.0,
    "pct3ResTime" : 37.0,
    "throughput" : 4.675956233049659,
    "receivedKBytesPerSec" : 1.5462620113625738,
    "sentKBytesPerSec" : 1.9041735831852615
  },
  "/api-5" : {
    "transaction" : "/api-5",
    "sampleCount" : 100,
    "errorCount" : 100,
    "errorPct" : 100.0,
    "meanResTime" : 35.06999999999999,
    "medianResTime" : 35.0,
    "minResTime" : 34.0,
    "maxResTime" : 70.0,
    "pct1ResTime" : 35.0,
    "pct2ResTime" : 35.0,
    "pct3ResTime" : 69.67999999999984,
    "throughput" : 4.675956233049659,
    "receivedKBytesPerSec" : 1.5482255476713738,
    "sentKBytesPerSec" : 3.1188262765360517
  },
  "/api-18" : {
    "transaction" : "/api-18",
    "sampleCount" : 100,
    "errorCount" : 100,
    "errorPct" : 100.0,
    "meanResTime" : 34.68,
    "medianResTime" : 35.0,
    "minResTime" : 34.0,
    "maxResTime" : 36.0,
    "pct1ResTime" : 35.0,
    "pct2ResTime" : 35.0,
    "pct3ResTime" : 36.0,
    "throughput" : 4.676393565282455,
    "receivedKBytesPerSec" : 1.5483703499111485,
    "sentKBytesPerSec" : 3.2287209479049754
  },
  "/api-4" : {
    "transaction" : "/api-4",
    "sampleCount" : 100,
    "errorCount" : 100,
    "errorPct" : 100.0,
    "meanResTime" : 279.44,
    "medianResTime" : 70.0,
    "minResTime" : 69.0,
    "maxResTime" : 21032.0,
    "pct1ResTime" : 70.0,
    "pct2ResTime" : 71.0,
    "pct3ResTime" : 20822.42999999989,
    "throughput" : 4.674644727000748,
    "receivedKBytesPerSec" : 1.6088264596578161,
    "sentKBytesPerSec" : 4.288940886195774
  },
  "/api-17" : {
    "transaction" : "/api-17",
    "sampleCount" : 100,
    "errorCount" : 100,
    "errorPct" : 100.0,
    "meanResTime" : 34.70000000000001,
    "medianResTime" : 35.0,
    "minResTime" : 34.0,
    "maxResTime" : 38.0,
    "pct1ResTime" : 35.0,
    "pct2ResTime" : 35.94999999999999,
    "pct3ResTime" : 37.989999999999995,
    "throughput" : 4.676393565282455,
    "receivedKBytesPerSec" : 1.5581889496820052,
    "sentKBytesPerSec" : 3.329190340909091
  },
  "/api-19" : {
    "transaction" : "/api-19",
    "sampleCount" : 100,
    "errorCount" : 100,
    "errorPct" : 100.0,
    "meanResTime" : 35.01,
    "medianResTime" : 35.0,
    "minResTime" : 34.0,
    "maxResTime" : 38.0,
    "pct1ResTime" : 36.0,
    "pct2ResTime" : 36.94999999999999,
    "pct3ResTime" : 38.0,
    "throughput" : 4.676612262077351,
    "receivedKBytesPerSec" : 1.479709348547912,
    "sentKBytesPerSec" : 3.3430470467193567
  },
  "/-3" : {
    "transaction" : "/-3",
    "sampleCount" : 100,
    "errorCount" : 0,
    "errorPct" : 0.0,
    "meanResTime" : 825.8799999999998,
    "medianResTime" : 788.0,
    "minResTime" : 592.0,
    "maxResTime" : 1344.0,
    "pct1ResTime" : 1046.5000000000002,
    "pct2ResTime" : 1159.2999999999997,
    "pct3ResTime" : 1343.4099999999996,
    "throughput" : 54.525627044711015,
    "receivedKBytesPerSec" : 9325.176143334242,