{
  "HTTP Request-1" : {
    "transaction" : "HTTP Request-1",
    "sampleCount" : 1000,
    "errorCount" : 0,
    "errorPct" : 0.0,
    "meanResTime" : 15068.149999999996,
    "medianResTime" : 16490.0,
    "minResTime" : 1818.0,
    "maxResTime" : 20578.0,
    "pct1ResTime" : 18906.9,
    "pct2ResTime" : 19324.6,
    "pct3ResTime" : 19907.89,
    "throughput" : 46.45760743321719,
    "receivedKBytesPerSec" : 52551.9018583043,
    "sentKBytesPerSec" : 5.172038327526133
  },
  "Total" : {
    "transaction" : "Total",
    "sampleCount" : 3000,
    "errorCount" : 0,
    "errorPct" : 0.0,
    "meanResTime" : 10292.502333333312,
    "medianResTime" : 13827.0,
    "minResTime" : 76.0,
    "maxResTime" : 20709.0,
    "pct1ResTime" : 18706.9,
    "pct2ResTime" : 19227.6,
    "pct3ResTime" : 19883.97,
    "throughput" : 138.56172925038103,
    "receivedKBytesPerSec" : 104532.73665188675,
    "sentKBytesPerSec" : 20.567756685603438
  },
  "HTTP Request-0" : {
    "transaction" : "HTTP Request-0",
    "sampleCount" : 1000,
    "errorCount" : 0,
    "errorPct" : 0.0,
    "meanResTime" : 370.1850000000001,
    "medianResTime" : 86.0,
    "minResTime" : 76.0,
    "maxResTime" : 4665.0,
    "pct1ResTime" : 1092.0,
    "pct2ResTime" : 1105.9499999999998,
    "pct3ResTime" : 3103.98,
    "throughput" : 175.13134851138355,
    "receivedKBytesPerSec" : 76.96201838879159,
    "sentKBytesPerSec" : 19.49704465849387
  },
  "HTTP Request" : {
    "transaction" : "HTTP Request",
    "sampleCount" : 1000,
    "errorCount" : 0,
    "errorPct" : 0.0,
    "meanResTime" : 15439.171999999993,
    "medianResTime" : 17126.0,
    "minResTime" : 1895.0,
    "maxResTime" : 20709.0,
    "pct1ResTime" : 19144.6,
    "pct2ResTime" : 19509.1,
    "pct3ResTime" : 20062.260000000002,
    "throughput" : 46.187243083460345,
    "receivedKBytesPerSec" : 52266.368325943375,
    "sentKBytesPerSec" : 10.283878342801719
  }
}