{
  "HTTP Request-1" : {
    "transaction" : "HTTP Request-1",
    "sampleCount" : 1093,
    "errorCount" : 1069,
    "errorPct" : 97.80421,
    "meanResTime" : 636.3101555352252,
    "medianResTime" : 505.0,
    "minResTime" : 0.0,
    "maxResTime" : 5678.0,
    "pct1ResTime" : 1025.4,
    "pct2ResTime" : 1130.3,
    "pct3ResTime" : 5394.66,
    "throughput" : 148.76820470940518,
    "receivedKBytesPerSec" : 4120.577754951,
    "sentKBytesPerSec" : 0.36366884442629643
  },
  "Total" : {
    "transaction" : "Total",
    "sampleCount" : 12185,
    "errorCount" : 11044,
    "errorPct" : 90.636024,
    "meanResTime" : 276.7490356996317,
    "medianResTime" : 2.0,
    "minResTime" : 0.0,
    "maxResTime" : 7937.0,
    "pct1ResTime" : 1110.3999999999996,
    "pct2ResTime" : 1552.699999999999,
    "pct3ResTime" : 1751.0,
    "throughput" : 981.7112471801482,
    "receivedKBytesPerSec" : 6587.054189619924,
    "sentKBytesPerSec" : 20.028658002336446
  },
  "HTTP Request-0" : {
    "transaction" : "HTTP Request-0",
    "sampleCount" : 1093,
    "errorCount" : 0,
    "errorPct" : 0.0,
    "meanResTime" : 802.9487648673374,
    "medianResTime" : 939.0,
    "minResTime" : 76.0,
    "maxResTime" : 2692.0,
    "pct1ResTime" : 1366.0,
    "pct2ResTime" : 1468.6,
    "pct3ResTime" : 2400.12,
    "throughput" : 180.0658978583196,
    "receivedKBytesPerSec" : 79.13052151976936,
    "sentKBytesPerSec" : 20.046398785008236
  },
  "HTTP Request" : {
    "transaction" : "HTTP Request",
    "sampleCount" : 9999,
    "errorCount" : 9975,
    "errorPct" : 99.75998,
    "meanResTime" : 179.92569256925674,
    "medianResTime" : 1.0,
    "minResTime" : 0.0,
    "maxResTime" : 7937.0,
    "pct1ResTime" : 840.0,
    "pct2ResTime" : 1601.0,
    "pct3ResTime" : 1746.0,
    "throughput" : 805.5913631969063,
    "receivedKBytesPerSec" : 4109.274054972003,
    "sentKBytesPerSec" : 10.00984430389945
  }
}