{
  "HTTP Request-1" : {
    "transaction" : "HTTP Request-1",
    "sampleCount" : 100,
    "errorCount" : 0,
    "errorPct" : 0.0,
    "meanResTime" : 1900.0299999999997,
    "medianResTime" : 1892.0,
    "minResTime" : 1209.0,
    "maxResTime" : 2371.0,
    "pct1ResTime" : 2240.7,
    "pct2ResTime" : 2293.35,
    "pct3ResTime" : 2370.69,
    "throughput" : 31.07520198881293,
    "receivedKBytesPerSec" : 35151.637274704786,
    "sentKBytesPerSec" : 3.459543971410814
  },
  "Total" : {
    "transaction" : "Total",
    "sampleCount" : 300,
    "errorCount" : 0,
    "errorPct" : 0.0,
    "meanResTime" : 1323.466666666667,
    "medianResTime" : 1778.0,
    "minResTime" : 76.0,
    "maxResTime" : 2449.0,
    "pct1ResTime" : 2236.5,
    "pct2ResTime" : 2305.5499999999997,
    "pct3ResTime" : 2381.98,
    "throughput" : 90.14423076923077,
    "receivedKBytesPerSec" : 68005.9579702524,
    "sentKBytesPerSec" : 13.380784254807693
  },
  "HTTP Request-0" : {
    "transaction" : "HTTP Request-0",
    "sampleCount" : 100,
    "errorCount" : 0,
    "errorPct" : 0.0,
    "meanResTime" : 84.85999999999997,
    "medianResTime" : 85.0,
    "minResTime" : 76.0,
    "maxResTime" : 108.0,
    "pct1ResTime" : 98.10000000000005,
    "pct2ResTime" : 107.0,
    "pct3ResTime" : 107.99,
    "throughput" : 100.40160642570281,
    "receivedKBytesPerSec" : 44.12179969879518,
    "sentKBytesPerSec" : 11.177522590361447
  },
  "HTTP Request" : {
    "transaction" : "HTTP Request",
    "sampleCount" : 100,
    "errorCount" : 0,
    "errorPct" : 0.0,
    "meanResTime" : 1985.5100000000002,
    "medianResTime" : 1970.0,
    "minResTime" : 1295.0,
    "maxResTime" : 2449.0,
    "pct1ResTime" : 2326.5,
    "pct2ResTime" : 2377.45,
    "pct3ResTime" : 2448.77,
    "throughput" : 30.048076923076923,
    "receivedKBytesPerSec" : 34002.9789851262,
    "sentKBytesPerSec" : 6.690392127403847
  }
}