{
  "HTTP Request-1" : {
    "transaction" : "HTTP Request-1",
    "sampleCount" : 10,
    "errorCount" : 0,
    "errorPct" : 0.0,
    "meanResTime" : 469.4,
    "medianResTime" : 441.5,
    "minResTime" : 430.0,
    "maxResTime" : 659.0,
    "pct1ResTime" : 640.5,
    "pct2ResTime" : 659.0,
    "pct3ResTime" : 659.0,
    "throughput" : 0.721552781585973,
    "receivedKBytesPerSec" : 816.2058499891767,
    "sentKBytesPerSec" : 0.0803291182625009
  },
  "Total" : {
    "transaction" : "Total",
    "sampleCount" : 30,
    "errorCount" : 0,
    "errorPct" : 0.0,
    "meanResTime" : 369.6,
    "medianResTime" : 441.5,
    "minResTime" : 78.0,
    "maxResTime" : 774.0,
    "pct1ResTime" : 557.5,
    "pct2ResTime" : 710.7499999999999,
    "pct3ResTime" : 774.0,
    "throughput" : 2.1468441391155,
    "receivedKBytesPerSec" : 1619.606613174467,
    "sentKBytesPerSec" : 0.3186721768999571
  },
  "HTTP Request-0" : {
    "transaction" : "HTTP Request-0",
    "sampleCount" : 10,
    "errorCount" : 0,
    "errorPct" : 0.0,
    "meanResTime" : 84.60000000000001,
    "medianResTime" : 81.5,
    "minResTime" : 78.0,
    "maxResTime" : 114.0,
    "pct1ResTime" : 111.20000000000002,
    "pct2ResTime" : 114.0,
    "pct3ResTime" : 114.0,
    "throughput" : 0.7407956144899622,
    "receivedKBytesPerSec" : 0.3255449477739092,
    "sentKBytesPerSec" : 0.08247138676939032
  },
  "HTTP Request" : {
    "transaction" : "HTTP Request",
    "sampleCount" : 10,
    "errorCount" : 0,
    "errorPct" : 0.0,
    "meanResTime" : 554.8,
    "medianResTime" : 526.5,
    "minResTime" : 514.0,
    "maxResTime" : 774.0,
    "pct1ResTime" : 752.4000000000001,
    "pct2ResTime" : 774.0,
    "pct3ResTime" : 774.0,
    "throughput" : 0.7156147130385,
    "receivedKBytesPerSec" : 809.8033065872335,
    "sentKBytesPerSec" : 0.15933608844997854
  }
}