{
  "/api-14" : {
    "transaction" : "/api-14",
    "sampleCount" : 1000,
    "errorCount" : 1000,
    "errorPct" : 100.0,
    "meanResTime" : 35.126000000000005,
    "medianResTime" : 35.0,
    "minResTime" : 34.0,
    "maxResTime" : 89.0,
    "pct1ResTime" : 36.0,
    "pct2ResTime" : 36.94999999999993,
    "pct3ResTime" : 39.0,
    "throughput" : 8.112273870365865,
    "receivedKBytesPerSec" : 2.566774154295449,
    "sentKBytesPerSec" : 6.274336821611098
  },
  "/api-13" : {
    "transaction" : "/api-13",
    "sampleCount" : 1000,
    "errorCount" : 1000,
    "errorPct" : 100.0,
    "meanResTime" : 35.035999999999994,
    "medianResTime" : 35.0,
    "minResTime" : 34.0,
    "maxResTime" : 109.0,
    "pct1ResTime" : 35.0,
    "pct2ResTime" : 36.0,
    "pct3ResTime" : 44.99000000000001,
    "throughput" : 8.109773899503683,
    "receivedKBytesPerSec" : 2.6763204232491,
    "sentKBytesPerSec" : 8.28400732312583
  },
  "/api-16" : {
    "transaction" : "/api-16",
    "sampleCount" : 1000,
    "errorCount" : 1000,
    "errorPct" : 100.0,
    "meanResTime" : 35.17100000000004,
    "medianResTime" : 35.0,
    "minResTime" : 34.0,
    "maxResTime" : 289.0,
    "pct1ResTime" : 35.0,
    "pct2ResTime" : 36.0,
    "pct3ResTime" : 47.99000000000001,
    "throughput" : 8.112405490476036,
    "receivedKBytesPerSec" : 2.6840020321575753,
    "sentKBytesPerSec" : 4.135425455105948
  },
  "/api-15" : {
    "transaction" : "/api-15",
    "sampleCount" : 1000,
    "errorCount" : 1000,
    "errorPct" : 100.0,
    "meanResTime" : 35.099000000000004,
    "medianResTime" : 35.0,
    "minResTime" : 34.0,
    "maxResTime" : 49.0,
    "pct1ResTime" : 36.0,
    "pct2ResTime" : 37.0,
    "pct3ResTime" : 39.99000000000001,
    "throughput" : 8.112405490476036,
    "receivedKBytesPerSec" : 2.566815799720933,
    "sentKBytesPerSec" : 11.320925240127202
  },
  "/api-10" : {
    "transaction" : "/api-10",
    "sampleCount" : 1000,
    "errorCount" : 1000,
    "errorPct" : 100.0,
    "meanResTime" : 35.15899999999998,
    "medianResTime" : 35.0,
    "minResTime" : 34.0,
    "maxResTime" : 83.0,
    "pct1ResTime" : 36.0,
    "pct2ResTime" : 37.0,
    "pct3ResTime" : 39.99000000000001,
    "throughput" : 8.109773899503683,
    "receivedKBytesPerSec" : 2.5659831478898365,
    "sentKBytesPerSec" : 8.426561942453043
  },
  "/generate_204-1" : {
    "transaction" : "/generate_204-1",
    "sampleCount" : 1000,
    "errorCount" : 0,
    "errorPct" : 0.0,
    "meanResTime" : 87.08900000000015,
    "medianResTime" : 84.0,
    "minResTime" : 67.0,
    "maxResTime" : 273.0,
    "pct1ResTime" : 108.0,
    "pct2ResTime" : 122.0,
    "pct3ResTime" : 173.97000000000003,
    "throughput" : 323.93909944930357,
    "receivedKBytesPerSec" : 40.17604065435698,
    "sentKBytesPerSec" : 104.71078312277291
  },
  "/api-12" : {
    "transaction" : "/api-12",
    "sampleCount" : 1000,
    "errorCount" : 1000,
    "errorPct" : 100.0,
    "meanResTime" : 34.93100000000002,
    "medianResTime" : 35.0,
    "minResTime" : 34.0,
    "maxResTime" : 84.0,
    "pct1ResTime" : 35.0,
    "pct2ResTime" : 36.0,
    "pct3ResTime" : 45.99000000000001,
    "throughput" : 8.109773899503683,
    "receivedKBytesPerSec" : 2.6844935547571933,
    "sentKBytesPerSec" : 3.619303390696467
  },
  "/api-9" : {
    "transaction" : "/api-9",
    "sampleCount" : 1000,
    "errorCount" : 1000,
    "errorPct" : 100.0,
    "meanResTime" : 35.00199999999999,
    "medianResTime" : 35.0,
    "minResTime" : 34.0,
    "maxResTime" : 93.0,
    "pct1ResTime" : 35.0,
    "pct2ResTime" : 36.0,
    "pct3ResTime" : 44.0,
    "throughput" : 8.109773899503683,
    "receivedKBytesPerSec" : 2.683812460464852,
    "sentKBytesPerSec" : 8.252328518830895
  },
  "/api-8" : {
    "transaction" : "/api-8",
    "sampleCount" : 1000,
    "errorCount" : 1000,
    "errorPct" : 100.0,
    "meanResTime" : 34.95700000000004,
    "medianResTime" : 35.0,
    "minResTime" : 34.0,
    "maxResTime" : 79.0,
    "pct1ResTime" : 35.0,
    "pct2ResTime" : 36.0,
    "pct3ResTime" : 47.98000000000002,
    "throughput" : 8.109773899503683,
    "receivedKBytesPerSec" : 2.6776826118337818,
    "sentKBytesPerSec" : 3.9044126293508934
  },
  "/bitrix/js/main/popup/dist/main.popup.bundle.js-25" : {
    "transaction" : "/bitrix/js/main/popup/dist/main.popup.bundle.js-25",
    "sampleCount" : 1000,
    "errorCount" : 0,
    "errorPct" : 0.0,
    "meanResTime" : 94.31499999999998,
    "medianResTime" : 85.0,
    "minResTime" : 39.0,
    "maxResTime" : 406.0,
    "pct1ResTime" : 121.0,
    "pct2ResTime" : 194.0,
    "pct3ResTime" : 312.98,
    "throughput" : 8.319744417451496,
    "receivedKBytesPerSec" : 208.5217192127858,
    "sentKBytesPerSec" : 4.891099745415821
  },
  "/api-6" : {
    "transaction" : "/api-6",
    "sampleCount" : 1000,
    "errorCount" : 1000,
    "errorPct" : 100.0,
    "meanResTime" : 34.88399999999997,
    "medianResTime" : 35.0,
    "minResTime" : 34.0,
    "maxResTime" : 93.0,
    "pct1ResTime" : 35.0,
    "pct2ResTime" : 36.0,
    "pct3ResTime" : 43.0,
    "throughput" : 8.109708131604345,
    "receivedKBytesPerSec" : 2.677660896609331,
    "sentKBytesPerSec" : 3.3024885653115343
  },
  "/api-5" : {
    "transaction" : "/api-5",
    "sampleCount" : 1000,
    "errorCount" : 1000,
    "errorPct" : 100.0,
    "meanResTime" : 35.092999999999954,
    "medianResTime" : 35.0,
    "minResTime" : 34.0,
    "maxResTime" : 77.0,
    "pct1ResTime" : 35.0,
    "pct2ResTime" : 36.0,
    "pct3ResTime" : 53.960000000000036,
    "throughput" : 8.109708131604345,
    "receivedKBytesPerSec" : 2.678682529762629,
    "sentKBytesPerSec" : 5.409111966685319
  },
  "/api-18" : {
    "transaction" : "/api-18",
    "sampleCount" : 1000,
    "errorCount" : 1000,
    "errorPct" : 100.0,
    "meanResTime" : 34.834999999999965,
    "medianResTime" : 35.0,
    "minResTime" : 34.0,
    "maxResTime" : 64.0,
    "pct1ResTime" : 35.0,
    "pct2ResTime" : 36.0,
    "pct3ResTime" : 46.960000000000036,
    "throughput" : 8.112405490476036,
    "receivedKBytesPerSec" : 2.6812767709381187,
    "sentKBytesPerSec" : 5.601045587662654
  },
  "/api-4" : {
    "transaction" : "/api-4",
    "sampleCount" : 1000,
    "errorCount" : 1000,
    "errorPct" : 100.0,
    "meanResTime" : 216.89200000000005,
    "medianResTime" : 70.0,
    "minResTime" : 68.0,
    "maxResTime" : 21052.0,
    "pct1ResTime" : 71.0,
    "pct2ResTime" : 72.0,
    "pct3ResTime" : 118.84000000000015,
    "throughput" : 8.108984755108661,
    "receivedKBytesPerSec" : 2.735531163842037,
    "sentKBytesPerSec" : 7.462459518427668
  },
  "/api-17" : {
    "transaction" : "/api-17",
    "sampleCount" : 1000,
    "errorCount" : 1000,
    "errorPct" : 100.0,
    "meanResTime" : 34.784,
    "medianResTime" : 35.0,
    "minResTime" : 34.0,
    "maxResTime" : 65.0,
    "pct1ResTime" : 35.0,
    "pct2ResTime" : 35.0,
    "pct3ResTime" : 38.99000000000001,
    "throughput" : 8.112405490476036,
    "receivedKBytesPerSec" : 2.6816174285905507,
    "sentKBytesPerSec" : 5.7753355493721
  },
  "/api-19" : {
    "transaction" : "/api-19",
    "sampleCount" : 1000,
    "errorCount" : 1000,
    "errorPct" : 100.0,
    "meanResTime" : 35.04100000000001,
    "medianResTime" : 35.0,
    "minResTime" : 34.0,
    "maxResTime" : 68.0,
    "pct1ResTime" : 36.0,
    "pct2ResTime" : 36.0,
    "pct3ResTime" : 38.0,
    "throughput" : 8.112339679887077,
    "receivedKBytesPerSec" : 2.56679497683927,
    "sentKBytesPerSec" : 5.799055318044277
  },
  "/-3" : {
    "transaction" : "/-3",
    "sampleCount" : 1000,
    "errorCount" : 140,
    "errorPct" : 14.0,
    "meanResTime" : 28962.444999999996,
    "medianResTime" : 10772.5,
    "minResTime" : 825.0,
    "maxResTime" : 104281.0,
    "pct1ResTime" : 63994.899999999994,
    "pct2ResTime" : 103988.75,
    "pct3ResTime" : 104246.93,
    "throughput" : 9.589290680168387,
    "receivedKBytesPerSec" : 1412.138096049332,
    "sentKBytesPerSec" : 6.94848992645014
  },
  "/api-27" : {
    "transaction" : "/api-27",